franchise,property_name,product_line,manufacturer,release_year,wave,item_name,release_type,source_name,source_url,image_url,packaged_image_url,notes
G.I. Joe x TMNT,G.I. Joe x TMNT,TMNT x G.I. Joe,Playmates,2026,Wave 1,Leonardo as Snake Eyes,figure,Toy Habits,https://toyhabits.com/teenage-mutant-ninja-turtles-x-gi-joe-crossover-officially-revealed/,https://toyhabits.com/wp-content/uploads/2026/02/TMNT-GI-Joe-Crossover-Snake-Eyes-x-Leo-2.jpg,,Revealed at New York Toy Fair 2026 as a joint Playmates/Hasbro mashup line; single-carded release window given as "coming this summer" 2026. Photo is an official studio/product shot; not an on-card packaging photo; packaging pass is still needed.
G.I. Joe x TMNT,G.I. Joe x TMNT,TMNT x G.I. Joe,Playmates,2026,Wave 1,Michelangelo as Shipwreck,figure,Toy Habits,https://toyhabits.com/teenage-mutant-ninja-turtles-x-gi-joe-crossover-officially-revealed/,https://toyhabits.com/wp-content/uploads/2026/02/TMNT-GI-Joe-Crossover-Shipwreck-x-Mikey-2.jpg,,Revealed at New York Toy Fair 2026 as a joint Playmates/Hasbro mashup line; single-carded release window given as "coming this summer" 2026. Photo is an official studio/product shot; not an on-card packaging photo; packaging pass is still needed.
G.I. Joe x TMNT,G.I. Joe x TMNT,TMNT x G.I. Joe,Playmates,2026,Wave 1,Raphael as Roadblock,figure,Toy Habits,https://toyhabits.com/teenage-mutant-ninja-turtles-x-gi-joe-crossover-officially-revealed/,https://toyhabits.com/wp-content/uploads/2026/02/TMNT-GI-Joe-Crossover-Roadblock-X-Raph-2.jpg,,Revealed at New York Toy Fair 2026 as a joint Playmates/Hasbro mashup line; single-carded release window given as "coming this summer" 2026. Photo is an official studio/product shot; not an on-card packaging photo; packaging pass is still needed.
G.I. Joe x TMNT,G.I. Joe x TMNT,TMNT x G.I. Joe,Playmates,2026,Wave 1,Donatello as Dial-Tone,figure,Toy Habits,https://toyhabits.com/teenage-mutant-ninja-turtles-x-gi-joe-crossover-officially-revealed/,https://toyhabits.com/wp-content/uploads/2026/02/TMNT-GI-Joe-Crossover-Dial-Tone-x-Donnie-2.jpg,,Revealed at New York Toy Fair 2026 as a joint Playmates/Hasbro mashup line; single-carded release window given as "coming this summer" 2026. Photo is an official studio/product shot; not an on-card packaging photo; packaging pass is still needed.
G.I. Joe x TMNT,G.I. Joe x TMNT,TMNT x G.I. Joe,Playmates,2026,Wave 1,April O'Neil as Scarlett,figure,Toy Habits,https://toyhabits.com/teenage-mutant-ninja-turtles-x-gi-joe-crossover-officially-revealed/,https://toyhabits.com/wp-content/uploads/2026/02/TMNT-GI-Joe-Crossover-Storm-Scarlett-x-April-2.jpg,,Revealed at New York Toy Fair 2026 as a joint Playmates/Hasbro mashup line; single-carded release window given as "coming this summer" 2026. Photo is an official studio/product shot; not an on-card packaging photo; packaging pass is still needed.
G.I. Joe x TMNT,G.I. Joe x TMNT,TMNT x G.I. Joe,Playmates,2026,Wave 1,Bebop as Ripper,figure,Toy Habits,https://toyhabits.com/teenage-mutant-ninja-turtles-x-gi-joe-crossover-officially-revealed/,https://toyhabits.com/wp-content/uploads/2026/02/TMNT-GI-Joe-Crossover-Ripper-X-Bebop-2.jpg,,Revealed at New York Toy Fair 2026 as a joint Playmates/Hasbro mashup line; single-carded release window given as "coming this summer" 2026. Photo is an official studio/product shot; not an on-card packaging photo; packaging pass is still needed.
G.I. Joe x TMNT,G.I. Joe x TMNT,TMNT x G.I. Joe,Playmates,2026,Wave 1,Rocksteady as Buzzer,figure,Toy Habits,https://toyhabits.com/teenage-mutant-ninja-turtles-x-gi-joe-crossover-officially-revealed/,https://toyhabits.com/wp-content/uploads/2026/02/TMNT-GI-Joe-Crossover-Buzzer-x-Rocksteady-2.jpg,,Revealed at New York Toy Fair 2026 as a joint Playmates/Hasbro mashup line; single-carded release window given as "coming this summer" 2026. Photo is an official studio/product shot; not an on-card packaging photo; packaging pass is still needed.
G.I. Joe x TMNT,G.I. Joe x TMNT,TMNT x G.I. Joe,Playmates,2026,Wave 1,Slash as Storm Shadow,figure,Toy Habits,https://toyhabits.com/teenage-mutant-ninja-turtles-x-gi-joe-crossover-officially-revealed/,https://toyhabits.com/wp-content/uploads/2026/02/TMNT-GI-Joe-Crossover-Storm-Sahdow-x-Slash-2.jpg,,Revealed at New York Toy Fair 2026 as a joint Playmates/Hasbro mashup line; single-carded release window given as "coming this summer" 2026. Photo is an official studio/product shot; not an on-card packaging photo; packaging pass is still needed.
G.I. Joe x TMNT,G.I. Joe x TMNT,TMNT x G.I. Joe,Playmates,2026,Wave 1,Krang as Destro,figure,Toy Habits,https://toyhabits.com/teenage-mutant-ninja-turtles-x-gi-joe-crossover-officially-revealed/,https://toyhabits.com/wp-content/uploads/2026/02/TMNT-GI-Joe-Crossover-Destro-x-Krang-2.jpg,,Revealed at New York Toy Fair 2026 as a joint Playmates/Hasbro mashup line; single-carded release window given as "coming this summer" 2026. Photo is an official studio/product shot; not an on-card packaging photo; packaging pass is still needed.
G.I. Joe x TMNT,G.I. Joe x TMNT,TMNT x G.I. Joe,Playmates,2026,Wave 1,Shredder as Cobra Commander,figure,Toy Habits,https://toyhabits.com/teenage-mutant-ninja-turtles-x-gi-joe-crossover-officially-revealed/,https://toyhabits.com/wp-content/uploads/2026/02/TMNT-GI-Joe-Crossover-Cobra-Commander-X-Shredder-2.jpg,,Revealed at New York Toy Fair 2026 as a joint Playmates/Hasbro mashup line; single-carded release window given as "coming this summer" 2026. Photo is an official studio/product shot; not an on-card packaging photo; packaging pass is still needed.
G.I. Joe x TMNT,G.I. Joe x TMNT,TMNT x G.I. Joe,Playmates,2026,Wave 1,TMNT A.W.E. Striker,vehicle,Toy Habits,https://toyhabits.com/teenage-mutant-ninja-turtles-x-gi-joe-crossover-officially-revealed/,https://toyhabits.com/wp-content/uploads/2026/02/TMNT-GI-Joe-Crossover-AWE-Striker.jpg,,Revealed at New York Toy Fair 2026 as a joint Playmates/Hasbro mashup line; release window given as "coming this summer" 2026. Mashup of the classic TMNT Party Wagon/A.W.E. Striker and G.I. Joe A.W.E. Striker vehicles. Studio/product shot only; no packaged photo sourced yet.
G.I. Joe x TMNT,G.I. Joe x TMNT,TMNT x G.I. Joe,Playmates,2026,Wave 1,Turtle-Fly Copter,vehicle,Toy Habits,https://toyhabits.com/teenage-mutant-ninja-turtles-x-gi-joe-crossover-officially-revealed/,https://toyhabits.com/wp-content/uploads/2026/02/Turtle-Fly-Copter-GI-Joe-TMNT-Crossover-Toy-Fair-2026-Reveal.jpg,,Revealed at New York Toy Fair 2026 as a joint Playmates/Hasbro mashup line; over 20 inches long per Toy Habits; release window given as "coming this summer" 2026. Studio/product shot only; no packaged photo sourced yet.
G.I. Joe x TMNT,G.I. Joe x TMNT,TMNT x G.I. Joe,Playmates,2026,Wave 1,RAM Cycle,vehicle,Toy Habits,https://toyhabits.com/teenage-mutant-ninja-turtles-x-gi-joe-crossover-officially-revealed/,,,Revealed at New York Toy Fair 2026 as a joint Playmates/Hasbro mashup line; release window given as "coming this summer" 2026. No verified product photo located yet in initial pass; photo pass still needed.
G.I. Joe x TMNT,G.I. Joe x TMNT,TMNT x G.I. Joe,Playmates,2026,Walmart Exclusive 2-Packs,Roadblock x Raph vs. Buzzer x Rocksteady,multi-pack,Toy Habits,https://toyhabits.com/tmnt-x-gi-joe-walmart-exclusive-2-pack-preorder-and-official-images/,https://toyhabits.com/wp-content/uploads/2026/05/Teenage-Mutant-Ninja-Turtles-x-G.I.-JOE-Roadblock-x-Raph-vs.-Buzzer-x-Rocksteady.webp,,Walmart-exclusive 2-pack bundling the single-carded Roadblock/Raph and Buzzer/Rocksteady figures; preorder listed with a July 1 2026 ship date. Studio/key-art promo image only; no on-package photo sourced yet.
G.I. Joe x TMNT,G.I. Joe x TMNT,TMNT x G.I. Joe,Playmates,2026,Walmart Exclusive 2-Packs,Snake Eyes x Leo vs. Ripper x Bebop,multi-pack,Toy Habits,https://toyhabits.com/tmnt-x-gi-joe-walmart-exclusive-2-pack-preorder-and-official-images/,https://toyhabits.com/wp-content/uploads/2026/05/Teenage-Mutant-Ninja-Turtles-x-G.I.-JOE-Snakes-Eyes-x-Leo-vs.-Ripper-x-Bebop.webp,,Walmart-exclusive 2-pack bundling the single-carded Snake Eyes/Leo and Ripper/Bebop figures; preorder listed with a July 1 2026 ship date. Studio/key-art promo image only; no on-package photo sourced yet.
G.I. Joe x TMNT,G.I. Joe x TMNT,TMNT x G.I. Joe,Playmates,2026,Walmart Exclusive 2-Packs,Dial-Tone x Donnie vs. Destro x Krang,multi-pack,Toy Habits,https://toyhabits.com/tmnt-x-gi-joe-walmart-exclusive-2-pack-preorder-and-official-images/,https://toyhabits.com/wp-content/uploads/2026/05/Teenage-Mutant-Ninja-Turtles-x-G.I.-JOE-Dial-Tone-x-Donnie-vs.-Destro-x-Krang-1.webp,,Walmart-exclusive 2-pack bundling the single-carded Dial-Tone/Donnie and Destro/Krang figures; preorder listed with a July 1 2026 ship date. Studio/key-art promo image only; no on-package photo sourced yet.
G.I. Joe x TMNT,G.I. Joe x TMNT,TMNT x G.I. Joe,Playmates,2026,Walmart Exclusive 2-Packs,Shipwreck x Mikey vs. Cobra Commander x Shredder,multi-pack,Toy Habits,https://toyhabits.com/tmnt-x-gi-joe-walmart-exclusive-2-pack-preorder-and-official-images/,https://toyhabits.com/wp-content/uploads/2026/05/Teenage-Mutant-Ninja-Turtles-x-G.I.-JOE-Shipwreck-x-Mikey-vs.-Cobra-Commander-x-Shredder-01.webp,,Walmart-exclusive 2-pack bundling the single-carded Shipwreck/Mikey and Cobra Commander/Shredder figures; preorder listed with a July 1 2026 ship date. Studio/key-art promo image only; no on-package photo sourced yet.
